"id","courseid"
1,"200710"
2,"200510"
3,"200430"
4,"200415"
5,"200845"
6,"200720"
7,"200615"
8,"indefinite"
9,"200810"
10,"200815"
11,"200820"
12,"200830"
13,"200520"
14,"200530"
15,"200620"
16,"200420"
17,"200610"
18,"200630"
19,"200410"
20,"200825"
21,"200515"
22,"200715"
23,"200730"
24,"LITS3303"
25,"200610"
26,"ECON3051"
27,"200610"
28,"200510"
29,"PSYC2012"
30,"200610"
31,"200410"
32,"200810"
33,"LING2801"
34,"200610"
35,"200510"
36,"PSYC2013"
37,"200610"
38,"200510"
39,"200420"
40,"MATH3190"
41,"200610"
42,"IBSR6004"
43,"200520"
44,"FREN2214"
45,"200510"
46,"indefinite"
47,"EDRS2202"
48,"200620"
49,"200720"
50,"GOVT3025"
51,"200520"
52,"200420"
53,"200620"
54,"200720"
55,"PSYC3017"
56,"200620"
57,"200520"
58,"200420"
59,"200720"
60,"GOVT3018"
61,"200620"
62,"200520"
63,"200420"
64,"ECON1001"
65,"200510"
66,"200620"
67,"200610"
68,"200520"
69,"200710"
70,"200720"
71,"200410"
72,"200530"
73,"200810"
74,"ECON1002"
75,"200620"
76,"200520"
77,"200630"
78,"200720"
79,"200530"
80,"ECON1003"
81,"200510"
82,"200620"
83,"200610"
84,"200520"
85,"200420"
86,"200710"
87,"200630"
88,"200530"
89,"200810"
90,"200720"
91,"ECON1004"
92,"200620"
93,"200520"
94,"200530"
95,"200720"
96,"ECON1005"
97,"200510"
98,"200620"
99,"200610"
100,"200520"
101,"200630"
102,"200710"
103,"200630"
104,"200530"
105,"200810"
106,"200810"
107,"200720"
108,"200730"
109,"PHIL2904"
110,"200620"
111,"200420"
112,"FOUN1001"
113,"200620"
114,"200720"
115,"FOUN1001.200720.Edwards"
116,"FOUN1001.200720.Edwards"
117,"FOUN1001.200720.Edwards"
118,"FOUN1001.200720.Edwards"
119,"200610"
120,"200710"
121,"200710"
122,"200630"
123,"200430"
124,"200720"
125,"200720"
126,"200510"
127,"200610"
128,"200730"
129,"indefinite"
130,"200810"
131,"200820"
136,"200810"
137,"200820"
138,"200810"
139,"200810"
140,"200720"
141,"200410"
142,"200530"
143,"200420"
144,"200520"
145,"200720"
146,"200720"
147,"COMP2125"
148,"200620"
149,"200520"
150,"200710"
151,"ECON3038"
152,"200620"
153,"200520"
154,"200720"
155,"MGMT2005"
156,"200620"
157,"200610"
158,"200510"
159,"200520"
160,"200410"
161,"200710"
162,"200410"
163,"200530"
164,"200630"
165,"200720"
166,"MGMT2005.200720"
167,"MGMT2005.200720"
168,"MGMT2005.200720"
169,"MGMT2005.200720"
170,"MGMT2005.200720"
171,"MGMT2005.200720"
172,"MGMT2005.200720"
173,"MGMT2005.200720"
174,"MGMT2005.200720"
175,"MGMT2005.200720"
176,"MGMT2005.200720"
177,"MGMT2005.200720"
178,"MGMT2005.200720"
179,"MGMT2005.200720"
180,"MGMT2005.200720"
181,"MGMT2005.200720"
182,"MGMT2005.200720"
183,"MGMT2005.200720"
184,"MGMT2005.200720"
185,"MGMT2005.200720"
186,"MGMT2005.200720"
187,"MGMT2005.200720"
188,"MGMT2005.200720"
189,"MGMT2005.200720"
190,"MGMT2005.200720"
191,"MGMT2005.200720"
192,"MGMT2005.200720"
193,"MGMT2005.200720"
194,"MGMT2005.200720"
195,"MGMT2005.200720"
196,"MGMT2005.200720"
197,"MGMT2005.200720"
198,"MGMT2005.200720"
199,"MGMT2005.200720"
200,"MGMT2005.200720"
201,"MGMT2005.200720"
202,"MGMT2005.200720"
203,"MGMT2005.200720"
204,"MGMT2005.200720"
205,"MGMT2005.200720"
206,"MGMT2005.200720"
207,"MGMT2005.200720"
208,"MGMT2005.200720"
209,"MGMT2005.200720"
210,"MGMT2005.200720"
211,"MGMT2005.200720"
212,"MGMT2005.200720"
213,"MGMT2005.200720"
214,"MGMT2005.200720"
215,"MGMT2005.200720"
216,"MGMT2005.200720"
217,"MGMT2005.200720"
218,"MGMT2005.200720"
219,"MGMT2005.200720"
220,"MGMT2005.200720"
221,"MGMT2005.200720"
222,"MGMT2005.200720"
223,"MGMT2005.200720"
224,"200730"
225,"MGMT2005.200730"
226,"MGMT2005.200730"
227,"MGMT2005.200730"
228,"MGMT2005.200730"
229,"MGMT2005.200730"
230,"MGMT2005.200730"
231,"MGMT2005.200730"
232,"MGMT2005.200730"
233,"MGMT2005.200730"
234,"MGMT2005.200730"
235,"MGMT2005.200730"
236,"MGMT2005.200730"
237,"MGMT2005.200730"
238,"MGMT2005.200730"
239,"MGMT2005.200730"
240,"MGMT2005.200730"
241,"200810"
242,"MGMT2005.200810"
243,"MGMT2005.200810"
244,"MGMT2005.200810"
245,"MGMT2005.200810"
246,"MGMT2005.200810"
247,"MGMT2005.200810"
248,"MGMT2005.200810"
249,"MGMT2005.200810"
250,"MGMT2005.200810"
251,"MGMT2005.200810"
252,"MGMT2005.200810"
253,"MGMT2005.200810"
254,"MGMT2005.200810"
255,"MGMT2005.200810"
256,"MGMT2005.200810"
257,"MGMT2005.200810"
258,"MGMT2005.200810"
259,"MGMT2005.200810"
260,"MGMT2005.200810"
261,"MGMT2005.200810"
262,"MGMT2005.200810"
263,"MGMT2005.200810"
264,"MGMT2005.200810"
265,"MGMT2005.200810"
266,"MGMT2005.200810"
267,"MGMT2005.200810"
268,"MGMT2005.200810"
269,"MGMT2005.200810"
270,"MGMT2005.200810"
271,"MGMT2005.200810"
272,"MGMT2005.200810"
273,"MGMT2005.200810"
274,"MGMT2005.200810"
275,"MGMT2005.200810"
276,"MGMT2005.200810"
277,"MGMT2005.200810"
278,"MGMT2005.200810"
279,"MGMT2005.200810"
280,"MGMT2005.200810"
281,"MGMT2005.200810"
282,"MGMT2005.200810"
283,"MGMT2005.200810"
284,"MGMT2005.200810"
285,"MGMT2005.200810"
286,"MGMT2005.200810"
287,"MGMT2005.200810"
288,"MGMT2005.200810"
289,"MGMT2005.200810"
290,"MGMT2005.200810"
291,"MGMT2005.200810"
292,"MGMT2005.200810"
293,"MGMT2005.200810"
294,"MGMT2005.200810"
295,"MGMT2005.200810"
296,"MGMT2005.200810"
297,"MGMT2005.200810"
298,"MGMT2005.200810"
299,"MGMT2005.200810"
300,"MGMT2005.200810"
301,"MGMT2005.200810"
302,"MGMT2006"
303,"200510"
304,"200620"
305,"200610"
306,"200520"
307,"200420"
308,"200710"
309,"200530"
310,"200630"
311,"200720"
312,"MGMT2006.200720"
313,"MGMT2006.200720"
314,"MGMT2006.200720"
315,"MGMT2006.200720"
316,"MGMT2006.200720"
317,"MGMT2006.200720"
318,"MGMT2006.200720"
319,"MGMT2006.200720"
320,"MGMT2006.200720"
321,"MGMT2006.200720"
322,"MGMT2006.200720"
323,"MGMT2006.200720"
324,"MGMT2006.200720"
325,"MGMT2006.200720"
326,"MGMT2006.200720"
327,"MGMT2006.200720"
328,"MGMT2006.200720"
329,"MGMT2006.200720"
330,"MGMT2006.200720"
331,"MGMT2006.200720"
332,"MGMT2006.200720"
333,"MGMT2006.200720"
334,"MGMT2006.200720"
335,"MGMT2006.200720"
336,"MGMT2006.200720"
337,"MGMT2006.200720"
338,"MGMT2006.200720"
339,"MGMT2006.200720"
340,"MGMT2006.200720"
341,"MGMT2006.200720"
342,"MGMT2006.200720"
343,"MGMT2006.200720"
344,"MGMT2006.200720"
345,"MGMT2006.200720"
346,"MGMT2006.200720"
347,"MGMT2006.200720"
348,"MGMT2006.200720"
349,"MGMT2006.200720"
350,"MGMT2006.200720"
351,"MGMT2006.200720"
352,"MGMT2006.200720"
353,"MGMT2006.200720"
354,"MGMT2006.200720"
355,"MGMT2006.200720"
356,"MGMT2006.200720"
357,"MGMT2006.200720"
358,"MGMT2006.200720"
359,"MGMT2006.200720"
360,"MGMT2006.200720"
361,"MGMT2006.200720"
362,"MGMT2006.200720"
363,"MGMT2006.200720"
364,"MGMT2006.200720"
365,"MGMT2006.200720"
366,"MGMT2006.200720"
367,"MGMT2006.200720"
368,"MGMT2006.200720"
369,"MGMT2006.200720"
370,"MGMT2006.200720"
371,"MGMT2006.200720"
372,"MGMT2006.200720"
373,"MGMT2006.200720"
374,"MGMT2006.200720"
375,"MGMT2006.200720"
376,"MGMT2006.200720"
377,"MGMT2006.200720"
378,"MGMT2006.200720"
379,"MGMT2006.200720"
380,"MGMT2006.200720"
381,"MGMT2006.200720"
382,"MGMT2006.200720"
383,"MGMT2006.200720"
384,"MGMT2006.200720"
385,"MGMT2006.200720"
386,"MGMT2006.200720"
387,"MGMT2006.200720"
388,"MGMT2006.200720"
389,"MGMT2006.200720"
390,"MGMT2006.200720"
391,"MGMT2006.200720"
392,"MGMT2006.200720"
393,"MGMT2006.200720"
394,"MGMT2006.200720"
395,"MGMT2006.200720"
396,"MGMT2006.200720"
397,"MGMT2006.200720"
398,"MGMT2006.200720"
399,"MGMT2006.200720"
400,"MGMT2006.200720"
401,"MGMT2006.200720"
402,"MGMT2006.200720"
403,"MGMT2006.200720"
404,"MGMT2006.200720"
405,"MGMT2006.200720"
406,"MGMT2006.200720"
407,"MGMT2006.200720"
408,"MGMT2006.200720"
409,"MGMT2006.200720"
410,"MGMT2006.200720"
411,"MGMT2006.200720"
412,"MGMT2006.200720"
413,"MGMT2006.200720"
414,"MGMT2006.200720"
415,"MGMT2006.200720"
416,"MGMT2006.200720"
417,"MGMT2006.200720"
418,"MGMT2006.200720"
419,"MGMT2006.200720"
420,"MGMT2006.200720"
421,"MGMT2006.200720"
422,"MGMT2006.200720"
423,"MGMT2006.200720"
424,"MGMT2006.200720"
425,"MGMT2006.200720"
426,"MGMT2006.200720"
427,"MGMT2006.200720"
428,"200810"
429,"MGMT2006.200810"
430,"MGMT2006.200810"
431,"MGMT2006.200810"
432,"MGMT2006.200810"
433,"MGMT2006.200810"
434,"MGMT2006.200810"
435,"MGMT2006.200810"
436,"MGMT2006.200810"
437,"MGMT2006.200810"
438,"MGMT2006.200810"
439,"MGMT2006.200810"
440,"MGMT2006.200810"
441,"MGMT2006.200810"
442,"MGMT2006.200810"
443,"MGMT2006.200810"
444,"MGMT2006.200810"
445,"MGMT2006.200810"
446,"MGMT2006.200810"
447,"MGMT2006.200810"
448,"MGMT2006.200810"
449,"MGMT2006.200810"
450,"MGMT2006.200810"
451,"MGMT2006.200810"
452,"MGMT2006.200810"
453,"MGMT2006.200810"
454,"MGMT2006.200810"
455,"MGMT2006.200810"
456,"MGMT2006.200810"
457,"MGMT2006.200810"
458,"MGMT2006.200810"
459,"MGMT2006.200810"
460,"MGMT2006.200810"
461,"MGMT2006.200810"
462,"MGMT2006.200810"
463,"MGMT2006.200810"
464,"MGMT2006.200810"
465,"MGMT2006.200810"
466,"MGMT2006.200810"
467,"MGMT2006.200810"
468,"MGMT2006.200810"
469,"MGMT2006.200810"
470,"MGMT2006.200810"
471,"MGMT2006.200810"
472,"MGMT2006.200810"
473,"MGMT2006.200810"
474,"MGMT2006.200810"
475,"MGMT2006.200810"
476,"MGMT2006.200810"
477,"MGMT2006.200810"
478,"MGMT2006.200810"
479,"200730"
480,"MATH2100"
481,"200620"
482,"200520"
483,"FOUN1002"
484,"200620"
485,"200610"
486,"200710"
487,"indefinite"
488,"FOUN1002.Training.SOwen"
489,"FOUN1002.Training.SOwen"
490,"200810"
491,"200810"
492,"200510"
493,"200720"
494,"200420"
495,"200520"
496,"PSYC3013"
497,"200620"
498,"200520"
499,"200420"
500,"200720"
501,"GOVT3015"
502,"200620"
503,"200520"
504,"200420"
505,"200720"
506,"BIOC3053"
507,"200520"
508,"200420"
509,"200720"
510,"PSYC3019"
511,"200510"
512,"200620"
513,"200410"
514,"200720"
515,"COMP2160"
516,"200620"
517,"200520"
518,"200420"
519,"200720"
520,"200810"
521,"METE2100"
522,"200720"
523,"200530"
524,"GEND2501"
525,"200720"
526,"BIOL3053"
527,"200720"
528,"ELET3130"
529,"200610"
530,"200410"
531,"ECON6043"
532,"200610"
533,"200815"
534,"LING1402"
535,"200610"
536,"200510"
537,"SOCI2004"
538,"200610"
539,"LITS2306"
540,"200610"
541,"ENVT6148"
542,"200520"
543,"ENVT6149"
544,"200520"
545,"PHYS3103"
546,"200520"
547,"ECON6044"
548,"200520"
549,"200825"
550,"200615"
551,"FREN1402"
552,"200520"
553,"200720"
554,"200420"
555,"IMGT6000"
556,"200520"
557,"200420"
558,"CM600"
559,"200520"
560,"COMP2135"
561,"200610"
562,"200410"
563,"PTMT6000"
564,"200610"
565,"ELET3150"
566,"200610"
567,"INTMT6000"
568,"200610"
569,"200615"
570,"TOUR6000"
571,"200615"
572,"PTMT6005"
573,"200610"
574,"200510"
575,"200615"
576,"200615"
577,"200815"
578,"0000"
579,"0000"
580,"0000"
581,"0000"
582,"0000"
583,"0000"
584,"LING2007"
585,"200610"
586,"CHEM0615"
587,"200610"
588,"LING3201"
589,"200610"
590,"200530"
591,"FREN0101"
592,"200510"
593,"indefinite"
594,"LING6105"
595,"200510"
596,"200410"
597,"PHYS2101"
598,"200510"
599,"200410"
600,"LING2501"
601,"200510"
602,"200610"
603,"FREN2514"
604,"200510"
605,"200410"
606,"PHIL3901"
607,"200510"
608,"ECOL3451"
609,"200510"
610,"LAW3640"
611,"200520"
612,"200720"
613,"200615"
614,"ENVT6150"
615,"200520"
616,"SOWK4005"
617,"200520"
618,"200420"
619,"ENVT6151"
620,"ENVT6151"
621,"CHEM0355"
622,"200610"
623,"200520"
624,"200410"
625,"GOVT3057"
626,"200520"
627,"ECON2022"
628,"200610"
629,"200520"
630,"TOUR3007"
631,"200720"
632,"ECON3007"
633,"200520"
634,"200420"
635,"200530"
636,"200720"
637,"PTMT6004"
638,"200520"
639,"200420"
640,"PSYC2009"
641,"200520"
642,"IGMT6050"
643,"200515"
644,"MKTG3001"
645,"200520"
646,"200420"
647,"200810"
648,"PTMT6006"
649,"200520"
650,"200710"
651,"200615"
652,"200810"
653,"PHYS2105"
654,"200520"
655,"200420"
656,"200820"
657,"SOWK1000"
658,"200610"
659,"200510"
660,"200520"
661,"PHIL1001"
662,"200520"
663,"200420"
664,"200430"
665,"BIOC3352"
666,"200520"
667,"ECON6033"
668,"200520"
669,"200615"
670,"200720"
671,"PHIL3803"
672,"200520"
673,"CHEM0125"
674,"200520"
675,"200420"
676,"MICR3252"
677,"200420"
678,"BIOL1052"
679,"200420"
680,"ECOL2454"
681,"200420"
682,"SPAN0102"
683,"200420"
684,"FREN1303"
685,"200420"
686,"200410"
687,"FREN1304"
688,"200420"
689,"FREN3014"
690,"200420"
691,"200720"
692,"EDPS6302"
693,"200420"
694,"SPAN2214"
695,"200420"
696,"LING3301"
697,"200420"
698,"200810"
699,"CHEM3415"
700,"200420"
701,"SPAN2002"
702,"200420"
703,"COMP3910"
704,"200420"
705,"ELET1120"
706,"200420"
707,"MICR2252"
708,"200420"
709,"CHEM2415"
710,"200420"
711,"200420"
712,"PHIL3902"
713,"200420"
714,"URN:X-WEBCT-VISTA-V1:38859c19-7f00-0001-01e2-d4610eca3770"
715,"URN:X-WEBCT-VISTA-V1:38859c19-7f00-0001-01e2-d4610eca3770"
716,"URN:X-WEBCT-VISTA-V1:38859c19-7f00-0001-01e2-d4610eca3770"
717,"indefinite"
718,"indefinite"
719,"SOWK3009"
720,"200420"
721,"ECOL3454"
722,"200420"
723,"COMP3170"
724,"200420"
725,"200620"
726,"200520"
727,"200720"
728,"CHEM1315"
729,"200420"
730,"LITS3501"
731,"200510"
732,"indefinite"
733,"PHIL2003"
734,"200510"
735,"FREN3501"
736,"200420"
737,"ENVT6140"
738,"200420"
739,"200510"
740,"PHYS1101"
741,"200420"
742,"200820"
743,"BIOL1151"
744,"200420"
745,"ENVT6141"
746,"200420"
747,"200515"
748,"PHYS1102"
749,"200420"
750,"ENVT6143"
751,"200420"
752,"200510"
753,"SPAN1002"
754,"200420"
755,"200825"
756,"FOUN1301"
757,"200420"
758,"ENVT6001"
759,"200610"
760,"200420"
761,"200410"
762,"200510"
763,"200615"
764,"200530"
765,"200845"
766,"ELET3100"
767,"200420"
768,"ECON3034"
769,"200510"
770,"200610"
771,"200810"
772,"ELET2130"
773,"200620"
774,"LAW3650"
775,"200620"
776,"PSYC2001"
777,"200520"
778,"200420"
779,"200620"
780,"200530"
781,"MGMT2008"
782,"200410"
783,"200620"
784,"200510"
785,"200720"
786,"200730"
787,"200810"
788,"200520"
789,"200610"
790,"200710"
791,"200530"
792,"PSYC2002"
793,"200520"
794,"200420"
795,"200620"
796,"200720"
797,"FOUN1001_Workshop"
798,"FOUN1001_Workshop"
799,"SOWK3032"
800,"200510"
801,"200620"
802,"200710"
803,"MGMT2013"
804,"200520"
805,"200420"
806,"200620"
807,"200720"
808,"SOCI3037"
809,"200520"
810,"200620"
811,"PSYC3021"
812,"200610"
813,"200620"
814,"200710"
815,"200810"
816,"200720"
817,"GOVT3058"
818,"200620"
819,"ECON2020"
820,"200520"
821,"200620"
822,"200530"
823,"200720"
824,"ECON3001"
825,"200620"
826,"200720"
827,"200530"
828,"TOUR2001"
829,"200620"
830,"200710"
831,"200615"
832,"200720"
833,"COMP1115"
834,"200620"
835,"200720"
836,"LAW2810"
837,"200620"
838,"TOUR2003"
839,"200520"
840,"200420"
841,"200620"
842,"200710"
843,"200410"
844,"200720"
845,"ECON3005"
846,"200620"
847,"TOUR2004"
848,"200420"
849,"200620"
850,"200720"
851,"LITS3603"
852,"200715"
853,"FILM2801"
854,"200710"
855,"200810"
856,"COMP3100"
857,"200630"
858,"200710"
859,"200730"
860,"200810"
861,"COMP2105"
862,"200710"
863,"200630"
864,"200720"
865,"200810"
866,"200410"
867,"200610"
868,"200530"
869,"200430"
870,"200510"
871,"HIST3301"
872,"200610"
873,"200520"
874,"200710"
875,"INGR6030"
876,"200710"
877,"200815"
878,"BIOL1051"
879,"200610"
880,"200710"
881,"200410"
882,"CKST6020"
883,"200710"
884,"200810"
885,"DANC1301"
886,"200710"
887,"200810"
888,"FILM1000"
889,"200710"
890,"200815"
891,"GOVT3014"
892,"200510"
893,"200610"
894,"200710"
895,"200810"
896,"MGMT3022"
897,"200510"
898,"200610"
899,"200710"
900,"200410"
901,"200810"
902,"GOVT3017"
903,"200510"
904,"200610"
905,"200710"
906,"200410"
907,"200810"
908,"EDRS6001"
909,"200510"
910,"200710"
911,"200810"
912,"ECON3006"
913,"200610"
914,"200510"
915,"200710"
916,"GOVT2000"
917,"200510"
918,"200710"
919,"200810"
920,"EDMA2111"
921,"200720"
922,"LITS2604"
923,"200710"
924,"ECON2008"
925,"200510"
926,"200710"
927,"200620"
928,"200530"
929,"200630"
930,"200610"
931,"200720"
932,"200730"
933,"200810"
934,"200520"
935,"SOCI2001"
936,"200520"
937,"200420"
938,"200620"
939,"200720"
940,"MGMT3058"
941,"200420"
942,"200620"
943,"200720"
944,"HIST3302"
945,"200620"
946,"200510"
947,"200720"
948,"ECON2016"
949,"200520"
950,"200620"
951,"200720"
952,"SOCI2007"
953,"200520"
954,"200420"
955,"200620"
956,"200630"
957,"200720"
958,"MICR3251"
959,"200520"
960,"200420"
961,"200620"
962,"200410"
963,"200720"
964,"PHIL2903"
965,"200420"
966,"200620"
967,"HIST3020"
968,"200710"
969,"200810"
970,"COMP1005"
971,"200610"
972,"200710"
973,"200810"
974,"EDRS2201"
975,"200710"
976,"200730"
977,"200810"
978,"EDRS2201.200810"
979,"EDRS2201.200810"
980,"EDRS2201.200810"
981,"EDRS2201.200810"
982,"EDRS2201.200810"
983,"EDRS2201.200810"
984,"EDRS2201.200810"
985,"EDRS2201.200810"
986,"EDRS2201.200810"
987,"EDRS2201.200810"
988,"EDRS2201.200810"
989,"EDRS2201.200810"
990,"EDRS2201.200810"
991,"EDRS2201.200810"
992,"200720"
993,"PHYS0071"
994,"200520"
995,"200420"
996,"200620"
997,"200720"
998,"PSYC3022"
999,"200610"
1000,"200620"
1001,"200710"
1002,"200720"
1003,"200810"
1004,"FREN2004"
1005,"200520"
1006,"200620"
1007,"MGMT3031"
1008,"200520"
1009,"200420"
1010,"200620"
1011,"200720"
1012,"200530"
1013,"200430"
1014,"200810"
1015,"ACCT2015"
1016,"200620"
1017,"200720"
1018,"200730"
1019,"ACCT2018"
1020,"200520"
1021,"200420"
1022,"200620"
1023,"FOUN1101"
1024,"200610"
1025,"200620"
1026,"200730"
1027,"200810"
1028,"200710"
1029,"200720"
1030,"MTKG3002"
1031,"200420"
1032,"200620"
1033,"200720"
1034,"MGMT3038"
1035,"200420"
1036,"200620"
1037,"SOCI1002"
1038,"200520"
1039,"200620"
1040,"200720"
1041,"SOCI1004"
1042,"200710"
1043,"200510"
1044,"200620"
1045,"200710"
1046,"200630"
1047,"200720"
1048,"200810"
1049,"FOUN1210"
1050,"200610"
1051,"200510"
1052,"200720"
1053,"200520"
1054,"200420"
1055,"200620"
1056,"200720"
1057,"200710"
1058,"200410"
1059,"200530"
1060,"200810"
1061,"200420"
1062,"LING3202"
1063,"200620"
1064,"200530"
1065,"ECON3011"
1066,"200520"
1067,"200620"
1068,"200530"
1069,"200720"
1070,"MATH3170"
1071,"200520"
1072,"200620"
1073,"LING2404"
1074,"200620"
1075,"200720"
1076,"MGMT1000"
1077,"200610"
1078,"200510"
1079,"200520"
1080,"200420"
1081,"200620"
1082,"200710"
1083,"200410"
1084,"200530"
1085,"200720"
1086,"MGMT1000.200720"
1087,"MGMT1000.200720"
1088,"MGMT1000.200720"
1089,"MGMT1000.200720"
1090,"MGMT1000.200720"
1091,"MGMT1000.200720"
1092,"MGMT1000.200720"
1093,"MGMT1000.200720"
1094,"MGMT1000.200720"
1095,"MGMT1000.200720"
1096,"MGMT1000.200720"
1097,"MGMT1000.200720"
1098,"MGMT1000.200720"
1099,"MGMT1000.200720"
1100,"MGMT1000.200720"
1101,"MGMT1000.200720"
1102,"MGMT1000.200720"
1103,"MGMT1000.200720"
1104,"MGMT1000.200720"
1105,"MGMT1000.200720"
1106,"200730"
1107,"MGMT1000:200730"
1108,"MGMT1000:200730"
1109,"MGMT1000:200730"
1110,"MGMT1000:200730"
1111,"MGMT1000:200730"
1112,"MGMT1000:200730"
1113,"MGMT1000:200730"
1114,"MGMT1000:200730"
1115,"MGMT1000:200730"
1116,"MGMT1000:200730"
1117,"MGMT1000:200730"
1118,"MGMT1000:200730"
1119,"MGMT1000:200730"
1120,"MGMT1000:200730"
1121,"MGMT1000:200730"
1122,"MGMT1000:200730"
1123,"MGMT1000:200730"
1124,"MGMT1000:200730"
1125,"MGMT1000:200730"
1126,"MGMT1000:200730"
1127,"200810"
1128,"MGMT1000.200810"
1129,"MGMT1000.200810"
1130,"MGMT1000.200810"
1131,"MGMT1000.200810"
1132,"MGMT1000.200810"
1133,"MGMT1000.200810"
1134,"MGMT1000.200810"
1135,"MGMT1000.200810"
1136,"MGMT1000.200810"
1137,"MGMT1000.200810"
1138,"MGMT1001"
1139,"200610"
1140,"200510"
1141,"200520"
1142,"200420"
1143,"200620"
1144,"200715"
1145,"200410"
1146,"200530"
1147,"200720"
1148,"200730"
1149,"200810"
1150,"ECON3017"
1151,"200520"
1152,"200620"
1153,"ECON3050"
1154,"200520"
1155,"200620"
1156,"200720"
1157,"ECON3053"
1158,"200620"
1159,"200720"
1160,"MGMT2020"
1161,"200610"
1162,"200620"
1163,"200710"
1164,"200810"
1165,"200530"
1166,"COMP3125"
1167,"200620"
1168,"200720"
1169,"LING2802"
1170,"200520"
1171,"200420"
1172,"200620"
1173,"ACCT1002"
1174,"200610"
1175,"200520"
1176,"200420"
1177,"200620"
1178,"200710"
1179,"200510"
1180,"200410"
1181,"200530"
1182,"200630"
1183,"200720"
1184,"200730"
1185,"200810"
1186,"200820"
1187,"ACCT1003"
1188,"200610"
1189,"200710"
1190,"200520"
1191,"200620"
1192,"200720"
1193,"200510"
1194,"200810"
1195,"200820"
1196,"GOVT2015"
1197,"200420"
1198,"200620"
1199,"MGMT2023"
1200,"200520"
1201,"200420"
1202,"200620"
1203,"200630"
1204,"200720"
1205,"200810"
1206,"200730"
1207,"COMP3160"
1208,"200620"
1209,"200730"
1210,"200630"
1211,"200720"
1212,"PSYC2016"
1213,"200520"
1214,"200620"
1215,"200720"
1216,"PSYC2017"
1217,"200520"
1218,"200620"
1219,"LAW2320"
1220,"200620"
1221,"FREN3101"
1222,"200420"
1223,"200620"
1224,"FOUN1003"
1225,"200420"
1226,"200620"
1227,"200710"
1228,"200530"
1229,"200510"
1230,"200520"
1231,"200520"
1232,"200810"
1233,"200810"
1234,"200720"
1235,"200630"
1236,"200610"
1237,"200520"
1238,"200520"
1239,"200520"
1240,"200610"
1241,"ECON2001"
1242,"200520"
1243,"200620"
1244,"200720"
1245,"200530"
1246,"ACCT3040"
1247,"200620"
1248,"200720"
1249,"LAW3340"
1250,"200620"
1251,"ECON2003"
1252,"200520"
1253,"200620"
1254,"200720"
1255,"200530"
1256,"MGMT3048"
1257,"200520"
1258,"200420"
1259,"200620"
1260,"200720"
1261,"ACCT3044"
1262,"200520"
1263,"200720"
1264,"200420"
1265,"200620"
1266,"COMP1130"
1267,"200620"
1268,"200720"
1269,"GOVT1001"
1270,"200620"
1271,"TOUR3001"
1272,"200420"
1273,"200720"
1274,"200520"
1275,"200420"
1276,"200620"
1277,"200710"
1278,"TOUR3002"
1279,"200620"
1280,"200720"
1281,"COMP2115"
1282,"200620"
1283,"200810"
1284,"200720"
1285,"SOCI3013"
1286,"200620"
1287,"200720"
1288,"HIST2602"
1289,"200520"
1290,"200620"
1291,"FINA2002"
1292,"200620"
1293,"200720"
1294,"LING3501"
1295,"200620"
1296,"PSYC1004"
1297,"200520"
1298,"200420"
1299,"200620"
1300,"200720"
1301,"200720"
1302,"FINA2004"
1303,"200620"
1304,"200710"
1305,"200720"
1306,"GOVT3000"
1307,"200620"
1308,"PHIL1300"
1309,"200620"
1310,"200720"
1311,"GOVT2024"
1312,"200520"
1313,"200420"
1314,"200620"
1315,"MGMT3011"
1316,"200610"
1317,"200710"
1318,"200620"
1319,"200410"
1320,"200510"
1321,"200810"
1322,"MGMT3011.200810"
1323,"MGMT3011.200810"
1324,"MGMT3011.200810"
1325,"MGMT3011.200810"
1326,"MGMT3011.200810"
1327,"MGMT3011.200810"
1328,"MGMT3011.200810"
1329,"MGMT3011.200810"
1330,"MGMT3011.200810"
1331,"MGMT3011.200810"
1332,"MGMT3011.200810"
1333,"MGMT3011.200810"
1334,"MGMT3011.200810"
1335,"PSYC3003"
1336,"200620"
1337,"200720"
1338,"EDPH2016"
1339,"200520"
1340,"200620"
1341,"LAW2220"
1342,"200620"
1343,"FOUN0100"
1344,"200420"
1345,"200620"
1346,"200720"
1347,"200810"
1348,"200720"
1349,"MGMT3017"
1350,"200520"
1351,"200420"
1352,"200620"
1353,"200530"
1354,"200430"
1355,"200720"
1356,"200810"
1357,"MGMT3018"
1358,"200520"
1359,"200620"
1360,"200630"
1361,"200720"
1362,"200530"
1363,"200430"
1364,"200730"
1365,"MGMT3052"
1366,"200520"
1367,"200420"
1368,"200620"
1369,"200720"
1370,"MGMT3053"
1371,"200620"
1372,"LING1401"
1373,"200520"
1374,"200420"
1375,"200620"
1376,"GOVT3049"
1377,"200520"
1378,"200420"
1379,"200620"
1380,"200720"
1381,"ECON3035"
1382,"200610"
1383,"200520"
1384,"200420"
1385,"200710"
1386,"200810"
1387,"COMP3140"
1388,"200610"
1389,"200710"
1390,"200630"
1391,"200810"
1392,"200730"
1393,"ECON3037"
1394,"200610"
1395,"200510"
1396,"200710"
1397,"200810"
1398,"SOCI3027"
1399,"200610"
1400,"200710"
1401,"PSYC3014"
1402,"200510"
1403,"200610"
1404,"200710"
1405,"200410"
1406,"200810"
1407,"FINA6010"
1408,"200710"
1409,"200815"
1410,"GEND3702"
1411,"200710"
1412,"TOUR6070"
1413,"200710"
1414,"200810"
1415,"TOUR2000"
1416,"200710"
1417,"200810"
1418,"EDTK3304"
1419,"200510"
1420,"200610"
1421,"EDTK3304"
1422,"HIST2402"
1423,"200510"
1424,"200610"
1425,"200710"
1426,"TOUR2002"
1427,"200510"
1428,"200610"
1429,"200710"
1430,"200410"
1431,"200810"
1432,"FINA1001"
1433,"200610"
1434,"200720"
1435,"200710"
1436,"200810"
1437,"SOCI3035"
1438,"200710"
1439,"PSYC2004"
1440,"200610"
1441,"200510"
1442,"200710"
1443,"200410"
1444,"200810"
1445,"ECON3049"
1446,"200610"
1447,"200510"
1448,"200710"
1449,"200530"
1450,"200810"
1451,"FREN2001"
1452,"200610"
1453,"200510"
1454,"200710"
1455,"PSYC3024"
1456,"200610"
1457,"200510"
1458,"200710"
1459,"200810"
1460,"SOCI1000"
1461,"200610"
1462,"200710"
1463,"200730"
1464,"FINA6020"
1465,"200610"
1466,"200710"
1467,"FREN6003"
1468,"200615"
1469,"PHIL1003"
1470,"200610"
1471,"200510"
1472,"200710"
1473,"200810"
1474,"LAW1010"
1475,"200610"
1476,"200730"
1477,"200810"
1478,"CKST6000"
1479,"200710"
1480,"COMP2145"
1481,"200610"
1482,"200510"
1483,"200710"
1484,"200810"
1495,"COMP2145.200810"
1496,"BIOL2053"
1497,"200710"
1498,"LAW1230"
1499,"200610"
1500,"200710"
1501,"DANC2301"
1502,"200710"
1503,"200810"
1504,"ECON6030"
1505,"200610"
1506,"200710"
1507,"200510"
1508,"200810"
1509,"MGMT3005"
1510,"200610"
1511,"200710"
1512,"200510"
1513,"200410"
1514,"200810"
1515,"GOVT2057"
1516,"200610"
1517,"200710"
1518,"200510"
1519,"200810"
1520,"PHIL2601"
1521,"200615"
1522,"200520"
1523,"200710"
1524,"INGR6020"
1525,"200710"
1526,"200815"
1527,"ENVT6102"
1528,"200710"
1529,"200815"
1530,"PSYC1010"
1531,"200730"
1532,"COMP2150"
1533,"200710"
1534,"200810"
1535,"200720"
1536,"CKST6010"
1537,"200710"
1538,"PSYC1007"
1539,"200610"
1540,"200710"
1541,"200410"
1542,"LITS3601"
1543,"200710"
1544,"PSYC2020"
1545,"200515"
1546,"200520"
1547,"200710"
1548,"FINA3005"
1549,"200710"
1550,"200810"
1551,"FINA3008"
1552,"200710"
1553,"200815"
1554,"MKTG3000"
1555,"200510"
1556,"200710"
1557,"PHYS0070"
1558,"200610"
1559,"200510"
1560,"200710"
1561,"200410"
1562,"200810"
1563,"SOCI3000"
1564,"200615"
1565,"200710"
1566,"200720"
1567,"200810"
1568,"MGMT3033"
1569,"200710"
1570,"200810"
1571,"200810"
1572,"ACCT2014"
1573,"200610"
1574,"200710"
1575,"200810"
1576,"MATH1100"
1577,"200730"
1578,"200710"
1579,"200810"
1580,"MGMT3037"
1581,"200610"
1582,"200420"
1583,"200710"
1584,"200810"
1585,"ACCT2019"
1586,"200510"
1587,"200710"
1588,"200810"
1589,"FILM2103"
1590,"200710"
1591,"SOWK1001"
1592,"200710"
1593,"MICR2251"
1594,"200610"
1595,"200510"
1596,"200710"
1597,"200810"
1598,"CKST6030"
1599,"200710"
1600,"200710"
1601,"200710"
1602,"ECON3019"
1603,"200610"
1604,"200710"
1605,"200810"
1606,"GOVT2010"
1607,"200610"
1608,"200510"
1609,"200710"
1610,"200810"
1611,"FINA3010"
1612,"200710"
1613,"HIST1004"
1614,"200710"
1615,"200810"
1616,"MGMT2026"
1617,"200610"
1618,"200710"
1619,"200810"
1620,"200410"
1621,"METE1010"
1622,"200710"
1623,"MUSC1010"
1624,"200710"
1625,"200810"
1626,"THEA1005"
1627,"200710"
1628,"FILM2110"
1629,"200710"
1630,"200810"
1631,"ECON2000"
1632,"200610"
1633,"200710"
1634,"200530"
1635,"200510"
1636,"200810"
1637,"MGMT3045"
1638,"200610"
1639,"200710"
1640,"200810"
1641,"200810"
1642,"ECON2002"
1643,"200610"
1644,"200630"
1645,"200710"
1646,"200530"
1647,"200510"
1648,"200810"
1649,"ACCT3041"
1650,"200610"
1651,"200710"
1652,"200410"
1653,"200510"
1654,"200810"
1655,"ECON2004"
1656,"200610"
1657,"200710"
1658,"200810"
1659,"MGMT3049"
1660,"200610"
1661,"200710"
1662,"200410"
1663,"200510"
1664,"SOCI3012"
1665,"200710"
1666,"200810"
1667,"FOUN1008"
1668,"200710"
1669,"200420"
1670,"200710"
1671,"200410"
1672,"200510"
1673,"200620"
1674,"200520"
1675,"indefinite"
1676,"FOUN1008.TraininSSawyer"
1677,"FOUN1008.TraininSSawyer"
1678,"FOUN1008.TraininSSawyer"
1679,"FOUN1008.TraininSSawyer"
1680,"FOUN1008.TraininSSawyer"
1681,"200810"
1682,"FOUN1008.200810"
1683,"FOUN1008.200810"
1684,"FOUN1008.200810"
1685,"200810"
1686,"indefinite"
1687,"FOUN1008.TrainingZoanneEvans"
1688,"FOUN1008.TrainingZoanneEvans"
1689,"200810"
1690,"200810"
1691,"200810"
1692,"200520"
1693,"200520"
1694,"200520"
1695,"200520"
1696,"200720"
1697,"200710"
1698,"200610"
1699,"200610"
1700,"200720"
1701,"200620"
1702,"200520"
1703,"200530"
1704,"200430"
1705,"200610"
1706,"200610"
1707,"200720"
1708,"FOUN1008.200720.Walkes"
1709,"FOUN1008.200720.Walkes"
1710,"FOUN1008.200720.Walkes"
1711,"ACCT3043"
1712,"200610"
1713,"200710"
1714,"200410"
1715,"200510"
1716,"200810"
1717,"ECON2006"
1718,"200610"
1719,"200710"
1720,"200510"
1721,"200810"
1722,"TOUR3000"
1723,"200710"
1724,"200510"
1725,"200810"
1726,"GOVT1000"
1727,"200610"
1728,"200710"
1729,"200810"
1730,"FINA2001"
1731,"200610"
1732,"200710"
1733,"200810"
1734,"200710"
1735,"SOCI3014"
1736,"200710"
1737,"FINA2003"
1738,"200610"
1739,"200710"
1740,"200810"
1741,"ECON3027"
1742,"200610"
1743,"200420"
1744,"200710"
1745,"200810"
1746,"FINA2005"
1747,"200610"
1748,"200710"
1749,"200810"
1750,"SOCI3017"
1751,"200710"
1752,"200810"
1753,"GOVT2021"
1754,"200710"
1755,"200810"
1756,"MKTG2001"
1757,"200610"
1758,"200710"
1759,"200410"
1760,"200510"
1761,"200810"
1762,"COMP3135"
1763,"200610"
1764,"200710"
1765,"200410"
1766,"200510"
1767,"LAW3020"
1768,"200710"
1769,"200810"
1770,"200720"
1771,"PSYC3008"
1772,"200610"
1773,"200710"
1774,"200810"
1775,"FINA6000"
1776,"200710"
1777,"HIST2101"
1778,"200710"
1779,"200810"
1780,"FREN3003"
1781,"200610"
1782,"200710"
1783,"200510"
1784,"HIST2102"
1785,"200720"
1786,"MGMT3056"
1787,"200710"
1788,"200510"
1789,"200810"
1790,"200730"
1791,"SOCI2000"
1792,"200610"
1793,"200420"
1794,"200710"
1795,"COMP1105"
1796,"200610"
1797,"200420"
1798,"200730"
1799,"200630"
1800,"200710"
1801,"200410"
1802,"200510"
1803,"200810"
1804,"200720"
1805,"200620"
1806,"INTR6004"
1807,"200510"
1808,"MGMT2027"
1809,"200510"
1810,"LING2301"
1811,"200410"
1812,"200810"
1813,"ELET2110"
1814,"200410"
1815,"SPAN3504"
1816,"200410"
1817,"200810"
1818,"SPAN3505"
1819,"200410"
1820,"200820"
1821,"COMP3210"
1822,"200410"
1823,"SPAN0101"
1824,"200410"
1825,"200730"
1826,"BIOL2052"
1827,"200410"
1828,"ELET3160"
1829,"200410"
1830,"BIOL2151"
1831,"200410"
1832,"ELET1100"
1833,"200410"
1834,"ELET2100"
1835,"200410"
1836,"METE3100"
1837,"200530"
1838,"MGMTMSCI"
1839,"MGMTMSCI"
1840,"IMGT6050"
1841,"200730"
1842,"200530"
1843,"200630"
1844,"FREN2301"
1845,"200420"
1846,"200410"
1847,"200510"
1848,"200810"
1849,"indefinite"
1850,"FREN2301.Training.KMabana"
1851,"SPAN3503"
1852,"200510"
1853,"SOWK3016"
1854,"200510"
1855,"SPAN1001"
1856,"200410"
1857,"200510"
1858,"200730"
1859,"200810"
1860,"FREN1401"
1861,"200510"
1862,"200410"
1863,"SOWK2000"
1864,"200410"
1865,"200510"
1866,"LING6102"
1867,"200615"
1868,"200715"
1869,"COMP6355"
1870,"200615"
1871,"COMP6225"
1872,"200615"
1873,"200720"
1874,"URN:X-WEBCT-VISTA-V1:ad7b7b51-7f00-0001-01e2-d4616b37a779"
1875,"200720"
1876,"INGR6040"
1877,"200720"
1878,"COMP3155"
1879,"200720"
1880,"200820"
1881,"COMP1125"
1882,"200720"
1883,"200810"
1884,"EDTE3404"
1885,"200720"
1886,"SOCI2013"
1887,"200720"
1888,"WK1000"
1889,"ECON6036"
1890,"200615"
1891,"200720"
1892,"ACCT3039"
1893,"200720"
1894,"ACCT3015"
1895,"200720"
1896,"LING6005"
1897,"200615"
1898,"PTMT6011"
1899,"200615"
1900,"LAW3030"
1901,"200720"
1902,"METE3200"
1903,"200810"
1904,"ECON3016"
1905,"200810"
1906,"FINA6090"
1907,"200615"
1908,"200720"
1909,"ERSC2002"
1910,"indefinite"
1911,"EMS1001"
1912,"indefinite"
1913,"PSYC_Masters_2006year"
1914,"200615"
1915,"URN:X-WEBCT-VISTA-V1:f170e792-7f00-0001-00d0-3fac02b04eb2"
1916,"200810"
1917,"METE1200"
1918,"200810"
1919,"COMS1101"
1920,"200810"
1921,"HIST3003"
1922,"200810"
1923,"CHEM3100"
1924,"indefinite"
1925,"EDMA2207"
1926,"200810"
1927,"LAER6004"
1928,"200815"
1929,"LAER6007"
1930,"200815"
1931,"ACCT2017"
1932,"200810"
1933,"MDSC1104"
1934,"200810"
1935,"MDSC1201"
1936,"200810"
1937,"BIOL3152"
1938,"200810"
1939,"EGOV6010"
1940,"200810"
1941,"BIOL3023"
1942,"200810"
1943,"LAER6000"
1944,"200815"
1945,"LAER6901"
1946,"200815"
1947,"ERSC2003"
1948,"200730"
1949,"CHEM3515"
1950,"200730"
1951,"EMS1000"
1952,"indefinite"
1953,"EMS1000.Training.Atherley"
1954,"EMS1000.Training.Atherley"
1955,"EMS1000.Training.Atherley"
1956,"EMS1000.Training.Atherley"
1957,"OUTREACH"
1958,"indefinite"
1959,"indefinite"
1960,"indefinite"
1961,"indefinite"
1962,"indefinite"
1963,"LAER6002"
1964,"200815"
1965,"BIOC2351"
1966,"200810"
1967,"LAER6009"
1968,"200815"
1969,"PSYC1003"
1970,"200810"
1971,"THEA2210"
1972,"200810"
1973,"LAER6901.1"
1974,"200810"
1975,"MDSC1000"
1976,"200810"
1977,"MDSC1103"
1978,"200810"
1979,"MDSC1105"
1980,"200810"
1981,"METE1000"
1982,"200810"
1983,"PSYC3028"
1984,"200810"
1985,"LING_Proficiency_2006year"
1986,"200615"
1987,"FINA6050"
1988,"200615"
1989,"200615"
1990,"SPAN2414"
1991,"200810"
1992,"MGMT6007"
1993,"200815"
1994,"COMP3220"
1995,"200810"
1996,"ECON6037"
1997,"200815"
1998,"THEA1000"
1999,"200810"
2000,"ECON3029"
2001,"200810"
2002,"LING1301"
2003,"200810"
2004,"LAER6003"
2005,"200815"
2006,"THEA2203"
2007,"200810"
2008,"HUMN1001"
2009,"200810"
2010,"DANC3301"
2011,"200810"
2012,"FINA1003"
2013,"200810"
2014,"ECON2000"
2015,"200810"
2016,"TOUR6140"
2017,"200615"
2018,"SOWK6070"
2019,"200615"
2020,"ECON6031"
2021,"200615"
2022,"LAW6450"
2023,"200615"
2024,"200720"
2025,"APSY6010"
2026,"200615"
2027,"PSYC_Cadogan_2007year"
2028,"200615"
2029,"ENVT6230"
2030,"200720"
2031,"ENVT6230.200720"
2032,"ENVT6230.200720"
2033,"ENVT6230.200720"
2034,"LAER6011"
2035,"200815"
2036,"HIST1601"
2037,"200810"
2038,"COMP3260"
2039,"200810"
2040,"LING6701"
2041,"200615"
2042,"ENVT6220"
2043,"200720"
2044,"ENVT6220.200720"
2045,"ENVT6220.200720"
2046,"CLTR2500"
2047,"200810"
2048,"EGOV6020"
2049,"200810"
2050,"CLTR3100"
2051,"200810"
2052,"FINA3001"
2053,"200810"
2054,"SOCI2006"
2055,"200810"
2056,"FREN3502"
2057,"200810"
2058,"FREN6104"
2059,"200815"
2060,"SALI6052"
2061,"200810"
2062,"LING1003"
2063,"200810"
2064,"CHEM1010"
2065,"200810"
2066,"MEDTEST"
2067,"200810"
2068,"LAW6130"
2069,"200720"
2070,"200815"
2071,"200615"
2072,"COSY6030"
2073,"200615"
2074,"ENVT6142"
2075,"200515"
2076,"PSYC1012"
2077,"200810"
2078,"CHEM3200"
2079,"200810"
2080,"FINA6030"
2081,"200815"
2082,"HIST3103"
2083,"200720"
2084,"200810"
2085,"GEND2202"
2086,"200720"
2087,"SALI6051"
2088,"200720"
2089,"MATH1110"
2090,"200810"
2091,"200720"
2092,"FINA6080"
2093,"200720"
2094,"WK1001"
2095,"MD625"
2096,"indefinite"
2097,"PHIL3610"
2098,"200720"
2099,"MGMT2021"
2100,"200720"
2101,"EDSO3102"
2102,"200720"
2103,"LING3005"
2104,"indefinite"
2105,"WK1002"
2106,"LAW3010"
2107,"200615"
2108,"200720"
2109,"PHIL3801"
2110,"200810"
2111,"LAER6001"
2112,"200815"
2113,"SPAN2001"
2114,"indefinite"
2115,"THEO2201"
2116,"indefinite"
2117,"CHEM1020"
2118,"indefinite"
2119,"CHEM1020.Training.AWilliams"
2120,"CHEM1020.Training.AWilliams"
2121,"CHEM1020.Training.AWilliams"
2122,"MATH1120"
2123,"200810"
2124,"ECON6032"
2125,"200815"
2126,"BIOL1051"
2127,"BIOL1051.200810"
2128,"LING1001.200820"
2129,"LING1001"
2130,"LING2802.200820"
2131,"COMP2160.200810"
2132,"PHYS2105.200820"
2133,"PHYS1101.200820"
2134,"LING1005"
2135,"LING1005.200810"
2136,"LING2801.200810"
2137,"LING2501.200810"
2138,"LING2501"
2139,"COMP3125.200820"
2140,"COMP3160.200820"
2141,"COMP1115.200820"
2142,"ECON2001.2OO820"
2143,"COMP2145.200820"
2144,"FILM2103.200820"
2145,"FOUN1210.200820"
2146,"LING2802.200820 "
2147,"LING1001.200820 "
2148,"ECON2008.200820"
2149,"ECON1004.200820"
2150,"HUMN1001.200820"
2151,"FILM2115.200820"
2152,"FILM2802.200820"
2153,"THEA1000.200820"
2154,"THEA2002.200820"
2155,"THEA3202.200820"
2156,"DANC2301.200820"
2157,"DANC2303.200820"
2158,"MUSC1020.200820"
2159,"TOUR3001.200820"
2160,"TOUR2003.200820"
2161,"ECON1005.200820"
2162,"MGMT3018.200820"
2163,"PSYC3013.200820"
2164,"MKTG3002.200820"
2165,"FOUN1008.200820.WALKES"
2166,"FOUN1001.200820.WALKES"
2167,"200710"
2168,"200510"
2169,"200430"
2170,"200415"
2171,"200845"
2172,"200720"
2173,"200615"
2174,"indefinite"
2175,"URN:X-WEBCT-VISTA-V1:285a3892-7f00-0001-0176-6d9c91682975"
2176,"200810"
2177,"200815"
2178,"200820"
2179,"200830"
2180,"200520"
2181,"200530"
2182,"200620"
2183,"200420"
2184,"200610"
2185,"200630"
2186,"200410"
2187,"200825"
2188,"200515"
2189,"200715"
2190,"200730"
2191,"URN:X-WEBCT-VISTA-V1:bba243e1-7f00-0001-0176-6d9ce82fd382"
2192,"LITS3303"
2193,"200710"
2194,"200510"
2195,"200430"
2196,"200415"
2197,"200845"
2198,"200720"
2199,"200615"
2200,"indefinite"
2201,"URN:X-WEBCT-VISTA-V1:285a3892-7f00-0001-0176-6d9c91682975"
2202,"200810"
2203,"200815"
2204,"200820"
2205,"200830"
2206,"200520"
2207,"200530"
2208,"200620"
2209,"200420"
2210,"200610"
2211,"200630"
2212,"200410"
2213,"200825"
2214,"200515"
2215,"200715"
2216,"200730"
2217,"URN:X-WEBCT-VISTA-V1:bba243e1-7f00-0001-0176-6d9ce82fd382"
2218,"LITS3303"
2219,"200710"
2220,"200510"
2221,"200430"
2222,"200415"
2223,"200845"
2224,"200720"
2225,"200615"
2226,"indefinite"
2227,"URN:X-WEBCT-VISTA-V1:285a3892-7f00-0001-0176-6d9c91682975"
2228,"200810"
2229,"200815"
2230,"200820"
2231,"200830"
2232,"200520"
2233,"200530"
2234,"200620"
2235,"200420"
2236,"200610"
2237,"200630"
2238,"200410"
2239,"200825"
2240,"200515"
2241,"200715"
2242,"200730"
2243,"URN:X-WEBCT-VISTA-V1:bba243e1-7f00-0001-0176-6d9ce82fd382"
2244,"LITS3303"
2245,"200710"
2246,"200510"
2247,"200430"
2248,"200415"
2249,"200845"
2250,"200720"
2251,"200615"
2252,"indefinite"
2253,"URN:X-WEBCT-VISTA-V1:285a3892-7f00-0001-0176-6d9c91682975"
2254,"200810"
2255,"200815"
2256,"200820"
2257,"200830"
2258,"200520"
2259,"200530"
2260,"200620"
2261,"200420"
2262,"200610"
2263,"200630"
2264,"200410"
2265,"200825"
2266,"200515"
2267,"200715"
2268,"200730"
2269,"URN:X-WEBCT-VISTA-V1:bba243e1-7f00-0001-0176-6d9ce82fd382"
2270,"LITS3303"
